"age.mean","age.sd","N.male","prop.male","y.A.sum","y.A.bar","N.A","y.C.sum","y.C.bar","N.C"
50.2733333333333,3.12482061915484,68,0.226666666666667,125,0.833333333333333,150,21,0.14,150
